

INSERT INTO Specialties(specialty_code, name, form_of_learning, lvl, duration_of_training, descript) VALUES
('01.03.04', 'Прикладная математика', 'очная', 'бакалавриат', 8, ''),
('01.03.04', 'Прикладная математика', 'очная', 'магистратура', 4, ''),
('09.03.03', 'Прикладная информатика', 'очная', 'бакалавриат', 8, ''),
('10.03.01.31', 'Безопасность компьютерных систем', 'очная', 'специалитет', 8, '');


INSERT INTO Groups(name, specialty, curator, warden) VALUES
('КИ20-10Б', 3, '111111', NULL),
('КИ20-11Б', 3, '111112', NULL),
('КИ21-8Б', 1, '111113', NULL),
('КИ14-1Б', 2, '111114', NULL);


INSERT INTO Students(grade_book_number, surname, name, first_name, ID_Group, year_of_entry) VALUES 
('10000000001', 'Иванов', 'Александр', 'Аггей', 1, '2020-01-01'), 
('10000000002', 'Петров', 'Михаил', 'Абросим', 1, '2020-01-01'), 
('10000000003', 'Козлов', 'Александр', 'Август', 1, '2020-01-01'), 
('10000000004', 'Смирнов', 'Алексей', 'Аврам', 1, '2020-01-01'), 
('10000000005', 'Иванов', 'Александр', 'Абросим', 1, '2020-01-01'), 
('10000000006', 'Иванов', 'Михаил', 'Аверий', 1, '2020-01-01'), 
('10000000007', 'Иванов', 'Игорь', 'Абросим', 1, '2020-01-01'), 
('10000000008', 'Морозов', 'Александр', 'Аврам', 2, '2020-01-01'), 
('10000000009', 'Козлов', 'Александр', 'Авдей', 2, '2020-01-01'), 
('10000000010', 'Смирнов', 'Олег', 'Авдей', 2, '2020-01-01'), 
('10000000011', 'Соколов', 'Алексей', 'Аврам', 2, '2020-01-01'), 
('10000000012', 'Смирнов', 'Александр', 'Авдей', 2, '2020-01-01'), 
('10000000013', 'Петров', 'Андрей', 'Аверий', 2, '2020-01-01'), 
('10000000014', 'Лебедев', 'Иван', 'Авксентий', 2, '2020-01-01'), 
('10000000015', 'Петров', 'Алексей', 'Абакум', 3, '2021-01-01'), 
('10000000016', 'Петров', 'Михаил', 'Аврам', 3, '2021-01-01'), 
('10000000017', 'Соколов', 'Максим', 'Абросим', 3, '2021-01-01'), 
('10000000018', 'Лебедев', 'Максим', 'Авксентий', 3, '2021-01-01'), 
('10000000019', 'Новиков', 'Александр', 'Аврам', 3, '2021-01-01'), 
('10000000020', 'Петров', 'Александр', 'Аврам', 3, '2021-01-01'), 
('10000000021', 'Петров', 'Михаил', 'Абакум', 3, '2021-01-01'), 
('10000000022', 'Лебедев', 'Олег', 'Абрам', 4, '2014-01-23'), 
('10000000023', 'Морозов', 'Иван', 'Аврам', 4, '2014-01-23'), 
('10000000024', 'Козлов', 'Михаил', 'Авдей', 4, '2014-01-23'), 
('10000000025', 'Попов', 'Максим', 'Абрам', 4, '2014-01-23'), 
('10000000026', 'Морозов', 'Олег', 'Авксентий', 4, '2014-01-23'), 
('10000000027', 'Лебедев', 'Михаил', 'Авдей', 4, '2014-01-23'), 
('10000000028', 'Лебедев', 'Михаил', 'Абрам', 4, '2014-01-23');


UPDATE Groups SET warden = '10000000004' WHERE ID = 1;
UPDATE Groups SET warden = '10000000011' WHERE ID = 2;
UPDATE Groups SET warden = '10000000017' WHERE ID = 3;
UPDATE Groups SET warden = '10000000023' WHERE ID = 4;



INSERT INTO Teachers(talismanic_number, surname, name, first_name, degree, scientific_status, department) VALUES
('100000', 'Попов', 'Виктор', 'Абакум', 'кандидат наук', 'профессор', 'искусственного интеллекта'),
('100001', 'Лебедев', 'Максим', 'Абросим', 'кандидат наук', 'профессор', 'информационных систем'),
('100002', 'Петров', 'Михаил', 'Абрам', 'академик', 'доцент', 'информационных систем'),
('100003', 'Морозов', 'Андрей', 'Абрам', 'кандидат наук', 'доцент', 'информационных систем'),

('100004', 'Кузнецов', 'Михаил', 'Авксентий', 'академик', 'доцент', 'информационных систем'),
('100005', 'Смирнов', 'Михаил', 'Авксентий', 'кандидат наук', 'доцент', 'искусственного интеллекта'),
('100006', 'Соколов', 'Андрей', 'Аверий', 'академик', 'доцент', 'информационных систем'),
('100007', 'Козлов', 'Игорь', 'Авксентий', 'кандидат наук', 'профессор', 'искусственного интеллекта'),
('100008', 'Иванов', 'Олег', 'Авксентий', 'кандидат наук', 'профессор', 'информационных систем'),
('100009', 'Смирнов', 'Михаил', 'Аврам', 'кандидат наук', 'профессор', 'информационных систем');
;



INSERT INTO Disciplines(name, specialty, semester, volume_in_hours, reporting) VALUES

('Английский', 1, 1, 180, 'зачет'),
('Английский', 2, 1, 180, 'зачет'),
('Английский', 3, 1, 180, 'зачет'),



('Физика', 1, 1, 180, 'зачет'),
('Физика', 2, 1, 180, 'зачет'),
('Физика', 3, 1, 180, 'зачет'),


('История', 1, 1, 180, 'зачет'),
('История', 2, 1, 180, 'зачет'),
('История', 3, 1, 180, 'зачет'),


('Мат анализ', 1, 1, 180, 'экзамен'),
('Мат анализ', 2, 1, 180, 'экзамен'),
('Мат анализ', 3, 1, 180, 'экзамен'),


('Сопромат', 1, 1, 180, 'экзамен'),
('Сопромат', 2, 1, 180, 'экзамен'),
('Сопромат', 3, 1, 180, 'экзамен'),


('Физра', 1, 2, 180, 'зачет'),
('Физра', 2, 2, 180, 'зачет'),
('Физра', 3, 2, 180, 'зачет'),

('Основы прог.', 1, 2, 180, 'зачет'),
('Основы прог.', 2, 2, 180, 'зачет'),
('Основы прог.', 3, 2, 180, 'зачет'),

('Теория вероятности и мат статистики', 1, 2, 180, 'зачет'),
('Теория вероятности и мат статистики', 2, 2, 180, 'зачет'),
('Теория вероятности и мат статистики', 3, 2, 180, 'зачет'),

('Философия', 1, 2, 200, 'экзамен'),
('Философия', 2, 2, 200, 'экзамен'),
('Философия', 3, 2, 200, 'экзамен'),

('Английский', 1, 2, 200, 'экзамен'),
('Английский', 2, 2, 200, 'экзамен'),
('Английский', 3, 2, 200, 'экзамен');


INSERT INTO Teaching(ID_Discipline, talismanic_number) VALUES
(1 , '100001'),
(2 , '100001'),
(3 , '100001'),
(4 , '100002'),
(5 , '100002'),
(6 , '100002'),
(7 , '100003'),
(8 , '100003'),
(9 , '100003'),
(10 , '100004'),
(11 , '100004'),
(12 , '100004'),
(13 , '100005'),
(14 , '100005'),
(15 , '100005'),
(16 , '100006'),
(17 , '100006'),
(18 , '100006'),
(19 , '100007'),
(20 , '100007'),
(21 , '100007'),
(22 , '100008'),
(23 , '100008'),
(24 , '100008'),
(25 , '100009'),
(26 , '100009'),
(27 , '100009'),
(28 , '100000'),
(29 , '100000'),
(30 , '100000');



INSERT INTO Research(grade_book_number, ID_Discipline, handover_date, score) VALUES
('10000000001', 1, '2021-01-01', 3),
('10000000001', 4, '2021-01-01', 5),
('10000000001', 7, '2021-01-01', 5),
('10000000001', 10, '2021-01-01', 4),
('10000000001', 13, '2021-01-01', 5),
('10000000001', 16, '2022-01-01', 3),
('10000000001', 19, '2022-01-01', 4),
('10000000001', 22, '2022-01-01', 4),
('10000000001', 25, '2022-01-01', 5),
('10000000001', 28, '2022-01-01', 5),
('10000000002', 1, '2021-01-01', 3),
('10000000002', 4, '2021-01-01', 4),
('10000000002', 7, '2021-01-01', 3),
('10000000002', 10, '2021-01-01', 4),
('10000000002', 13, '2021-01-01', 3),
('10000000002', 16, '2022-01-01', 3),
('10000000002', 19, '2022-01-01', 5),
('10000000002', 22, '2022-01-01', 5),
('10000000002', 25, '2022-01-01', 3),
('10000000002', 28, '2022-01-01', 4),
('10000000003', 1, '2021-01-01', 5),
('10000000003', 4, '2021-01-01', 3),
('10000000003', 7, '2021-01-01', 4),
('10000000003', 10, '2021-01-01', 5),
('10000000003', 13, '2021-01-01', 3),
('10000000003', 16, '2022-01-01', 4),
('10000000003', 19, '2022-01-01', 5),
('10000000003', 22, '2022-01-01', 5),
('10000000003', 25, '2022-01-01', 5),
('10000000003', 28, '2022-01-01', 3),
('10000000004', 1, '2021-01-01', 4),
('10000000004', 4, '2021-01-01', 4),
('10000000004', 7, '2021-01-01', 5),
('10000000004', 10, '2021-01-01', 5),
('10000000004', 13, '2021-01-01', 4),
('10000000004', 16, '2022-01-01', 3),
('10000000004', 19, '2022-01-01', 4),
('10000000004', 22, '2022-01-01', 4),
('10000000004', 25, '2022-01-01', 4),
('10000000004', 28, '2022-01-01', 4),
('10000000005', 1, '2021-01-01', 5),
('10000000005', 4, '2021-01-01', 4),
('10000000005', 7, '2021-01-01', 5),
('10000000005', 10, '2021-01-01', 5),
('10000000005', 13, '2021-01-01', 3),
('10000000005', 16, '2022-01-01', 4),
('10000000005', 19, '2022-01-01', 3),
('10000000005', 22, '2022-01-01', 5),
('10000000005', 25, '2022-01-01', 5),
('10000000005', 28, '2022-01-01', 4),
('10000000006', 1, '2021-01-01', 4),
('10000000006', 4, '2021-01-01', 5),
('10000000006', 7, '2021-01-01', 5),
('10000000006', 10, '2021-01-01', 3),
('10000000006', 13, '2021-01-01', 3),
('10000000006', 16, '2022-01-01', 3),
('10000000006', 19, '2022-01-01', 4),
('10000000006', 22, '2022-01-01', 5),
('10000000006', 25, '2022-01-01', 5),
('10000000006', 28, '2022-01-01', 3),
('10000000007', 1, '2021-01-01', 3),
('10000000007', 4, '2021-01-01', 4),
('10000000007', 7, '2021-01-01', 4),
('10000000007', 10, '2021-01-01', 4),
('10000000007', 13, '2021-01-01', 4),
('10000000007', 16, '2022-01-01', 5),
('10000000007', 19, '2022-01-01', 5),
('10000000007', 22, '2022-01-01', 4),
('10000000007', 25, '2022-01-01', 4),
('10000000007', 28, '2022-01-01', 4),
('10000000008', 1, '2021-01-01', 4),
('10000000008', 4, '2021-01-01', 5),
('10000000008', 7, '2021-01-01', 5),
('10000000008', 10, '2021-01-01', 4),
('10000000008', 13, '2021-01-01', 5),
('10000000008', 16, '2022-01-01', 5),
('10000000008', 19, '2022-01-01', 4),
('10000000008', 22, '2022-01-01', 5),
('10000000008', 25, '2022-01-01', 5),
('10000000008', 28, '2022-01-01', 3),
('10000000009', 1, '2021-01-01', 4),
('10000000009', 4, '2021-01-01', 3),
('10000000009', 7, '2021-01-01', 4),
('10000000009', 10, '2021-01-01', 5),
('10000000009', 13, '2021-01-01', 4),
('10000000009', 16, '2022-01-01', 4),
('10000000009', 19, '2022-01-01', 5),
('10000000009', 22, '2022-01-01', 4),
('10000000009', 25, '2022-01-01', 3),
('10000000009', 28, '2022-01-01', 4),
('10000000010', 1, '2021-01-01', 3),
('10000000010', 4, '2021-01-01', 4),
('10000000010', 7, '2021-01-01', 3),
('10000000010', 10, '2021-01-01', 3),
('10000000010', 13, '2021-01-01', 4),
('10000000010', 16, '2022-01-01', 4),
('10000000010', 19, '2022-01-01', 5),
('10000000010', 22, '2022-01-01', 4),
('10000000010', 25, '2022-01-01', 5),
('10000000010', 28, '2022-01-01', 4),
('10000000011', 1, '2021-01-01', 5),
('10000000011', 4, '2021-01-01', 5),
('10000000011', 7, '2021-01-01', 3),
('10000000011', 10, '2021-01-01', 5),
('10000000011', 13, '2021-01-01', 4),
('10000000011', 16, '2022-01-01', 5),
('10000000011', 19, '2022-01-01', 5),
('10000000011', 22, '2022-01-01', 3),
('10000000011', 25, '2022-01-01', 4),
('10000000011', 28, '2022-01-01', 4),
('10000000012', 1, '2021-01-01', 3),
('10000000012', 4, '2021-01-01', 4),
('10000000012', 7, '2021-01-01', 5),
('10000000012', 10, '2021-01-01', 4),
('10000000012', 13, '2021-01-01', 4),
('10000000012', 16, '2022-01-01', 5),
('10000000012', 19, '2022-01-01', 5),
('10000000012', 22, '2022-01-01', 3),
('10000000012', 25, '2022-01-01', 5),
('10000000012', 28, '2022-01-01', 4),
('10000000013', 1, '2021-01-01', 4),
('10000000013', 4, '2021-01-01', 4),
('10000000013', 7, '2021-01-01', 3),
('10000000013', 10, '2021-01-01', 3),
('10000000013', 13, '2021-01-01', 5),
('10000000013', 16, '2022-01-01', 3),
('10000000013', 19, '2022-01-01', 3),
('10000000013', 22, '2022-01-01', 5),
('10000000013', 25, '2022-01-01', 5),
('10000000013', 28, '2022-01-01', 3),
('10000000014', 1, '2021-01-01', 5),
('10000000014', 4, '2021-01-01', 4),
('10000000014', 7, '2021-01-01', 4),
('10000000014', 10, '2021-01-01', 5),
('10000000014', 13, '2021-01-01', 3),
('10000000014', 16, '2022-01-01', 3),
('10000000014', 19, '2022-01-01', 5),
('10000000014', 22, '2022-01-01', 4),
('10000000014', 25, '2022-01-01', 5),
('10000000014', 28, '2022-01-01', 4),
('10000000015', 2, '2022-01-01', 3),
('10000000015', 5, '2022-01-01', 5),
('10000000015', 8, '2022-01-01', 5),
('10000000015', 11, '2022-01-01', 5),
('10000000015', 14, '2022-01-01', 4),
('10000000015', 17, '2023-01-01', 3),
('10000000015', 20, '2023-01-01', 4),
('10000000015', 23, '2023-01-01', 3),
('10000000015', 26, '2023-01-01', 3),
('10000000015', 29, '2023-01-01', 3),
('10000000016', 2, '2022-01-01', 4),
('10000000016', 5, '2022-01-01', 3),
('10000000016', 8, '2022-01-01', 5),
('10000000016', 11, '2022-01-01', 3),
('10000000016', 14, '2022-01-01', 4),
('10000000016', 17, '2023-01-01', 5),
('10000000016', 20, '2023-01-01', 5),
('10000000016', 23, '2023-01-01', 5),
('10000000016', 26, '2023-01-01', 4),
('10000000016', 29, '2023-01-01', 3),
('10000000017', 2, '2022-01-01', 3),
('10000000017', 5, '2022-01-01', 5),
('10000000017', 8, '2022-01-01', 3),
('10000000017', 11, '2022-01-01', 5),
('10000000017', 14, '2022-01-01', 4),
('10000000017', 17, '2023-01-01', 3),
('10000000017', 20, '2023-01-01', 5),
('10000000017', 23, '2023-01-01', 3),
('10000000017', 26, '2023-01-01', 5),
('10000000017', 29, '2023-01-01', 4),
('10000000018', 2, '2022-01-01', 3),
('10000000018', 5, '2022-01-01', 5),
('10000000018', 8, '2022-01-01', 5),
('10000000018', 11, '2022-01-01', 4),
('10000000018', 14, '2022-01-01', 5),
('10000000018', 17, '2023-01-01', 4),
('10000000018', 20, '2023-01-01', 4),
('10000000018', 23, '2023-01-01', 5),
('10000000018', 26, '2023-01-01', 4),
('10000000018', 29, '2023-01-01', 5),
('10000000019', 2, '2022-01-01', 5),
('10000000019', 5, '2022-01-01', 4),
('10000000019', 8, '2022-01-01', 3),
('10000000019', 11, '2022-01-01', 3),
('10000000019', 14, '2022-01-01', 3),
('10000000019', 17, '2023-01-01', 4),
('10000000019', 20, '2023-01-01', 3),
('10000000019', 23, '2023-01-01', 4),
('10000000019', 26, '2023-01-01', 5),
('10000000019', 29, '2023-01-01', 3),
('10000000020', 2, '2022-01-01', 5),
('10000000020', 5, '2022-01-01', 3),
('10000000020', 8, '2022-01-01', 5),
('10000000020', 11, '2022-01-01', 3),
('10000000020', 14, '2022-01-01', 3),
('10000000020', 17, '2023-01-01', 4),
('10000000020', 20, '2023-01-01', 3),
('10000000020', 23, '2023-01-01', 3),
('10000000020', 26, '2023-01-01', 5),
('10000000020', 29, '2023-01-01', 3),
('10000000021', 2, '2022-01-01', 4),
('10000000021', 5, '2022-01-01', 5),
('10000000021', 8, '2022-01-01', 3),
('10000000021', 11, '2022-01-01', 5),
('10000000021', 14, '2022-01-01', 3),
('10000000021', 17, '2023-01-01', 5),
('10000000021', 20, '2023-01-01', 4),
('10000000021', 23, '2023-01-01', 5),
('10000000021', 26, '2023-01-01', 3),
('10000000021', 29, '2023-01-01', 5),
('10000000022', 3, '2015-01-01', 3),
('10000000022', 6, '2015-01-01', 5),
('10000000022', 9, '2015-01-01', 4),
('10000000022', 12, '2015-01-01', 5),
('10000000022', 15, '2015-01-01', 5),
('10000000022', 18, '2016-01-01', 3),
('10000000022', 21, '2016-01-01', 5),
('10000000022', 24, '2016-01-01', 5),
('10000000022', 27, '2016-01-01', 3),
('10000000022', 30, '2016-01-01', 3),
('10000000023', 3, '2015-01-01', 4),
('10000000023', 6, '2015-01-01', 3),
('10000000023', 9, '2015-01-01', 5),
('10000000023', 12, '2015-01-01', 4),
('10000000023', 15, '2015-01-01', 5),
('10000000023', 18, '2016-01-01', 4),
('10000000023', 21, '2016-01-01', 4),
('10000000023', 24, '2016-01-01', 3),
('10000000023', 27, '2016-01-01', 5),
('10000000023', 30, '2016-01-01', 5),
('10000000024', 3, '2015-01-01', 3),
('10000000024', 6, '2015-01-01', 3),
('10000000024', 9, '2015-01-01', 3),
('10000000024', 12, '2015-01-01', 3),
('10000000024', 15, '2015-01-01', 5),
('10000000024', 18, '2016-01-01', 5),
('10000000024', 21, '2016-01-01', 5),
('10000000024', 24, '2016-01-01', 3),
('10000000024', 27, '2016-01-01', 5),
('10000000024', 30, '2016-01-01', 3),
('10000000025', 3, '2015-01-01', 4),
('10000000025', 6, '2015-01-01', 4),
('10000000025', 9, '2015-01-01', 5),
('10000000025', 12, '2015-01-01', 3),
('10000000025', 15, '2015-01-01', 5),
('10000000025', 18, '2016-01-01', 4),
('10000000025', 21, '2016-01-01', 4),
('10000000025', 24, '2016-01-01', 5),
('10000000025', 27, '2016-01-01', 4),
('10000000025', 30, '2016-01-01', 3),
('10000000026', 3, '2015-01-01', 3),
('10000000026', 6, '2015-01-01', 4),
('10000000026', 9, '2015-01-01', 3),
('10000000026', 12, '2015-01-01', 5),
('10000000026', 15, '2015-01-01', 5),
('10000000026', 18, '2016-01-01', 3),
('10000000026', 21, '2016-01-01', 4),
('10000000026', 24, '2016-01-01', 4),
('10000000026', 27, '2016-01-01', 5),
('10000000026', 30, '2016-01-01', 4),
('10000000027', 3, '2015-01-01', 4),
('10000000027', 6, '2015-01-01', 5),
('10000000027', 9, '2015-01-01', 3),
('10000000027', 12, '2015-01-01', 3),
('10000000027', 15, '2015-01-01', 3),
('10000000027', 18, '2016-01-01', 3),
('10000000027', 21, '2016-01-01', 4),
('10000000027', 24, '2016-01-01', 3),
('10000000027', 27, '2016-01-01', 4),
('10000000027', 30, '2016-01-01', 3),
('10000000028', 3, '2015-01-01', 5),
('10000000028', 6, '2015-01-01', 4),
('10000000028', 9, '2015-01-01', 3),
('10000000028', 12, '2015-01-01', 3),
('10000000028', 15, '2015-01-01', 5),
('10000000028', 18, '2016-01-01', 3),
('10000000028', 21, '2016-01-01', 4),
('10000000028', 24, '2016-01-01', 3),
('10000000028', 27, '2016-01-01', 4),
('10000000028', 30, '2016-01-01', 4);




UPDATE Research 
    SET score =  (SELECT ABS(CHECKSUM(NEWID()) % 2))
WHERE 
(SELECT reporting FROM Disciplines WHERE ID = ID_Discipline)
 = 'зачет';